AgeClass_2.1,Total_Returns,AgeClass_1.2,River_Kvichak,AgeClass_2.2,Total_Returns_NextYear
0.0,998549.908725125,552271.92782014,0,81500.388184108,735060.420955437
7.71666475425494e-08,2451734.91460459,712704.841944845,0,615410.937758418,2062023.39943197
0.0,5975665.3718311,2742095.40731836,0,616529.709870026,6926059.98137954
0.0,87174.071285159,35190.1466128597,0,4510.13586884221,417125.006314853
2519.25188115379,2634359.70243476,376289.508744379,0,332241.254775286,1154655.58742113
1.04074544631182e-06,2986219.25045997,664431.294806549,0,4485.74114018722,1379859.09702366
3616.4989548217,2910012.7073318,733502.9645429,0,543094.918270168,2155143.21163953
16341.6496887517,34839684.7147536,524321.601589611,1,33528680.5191359,6978106.78415245
0.0,63552.9693707139,1353.56258474515,0,685.373335848824,247579.730446879
6840.81230471444,5991184.94059195,97471.4974381258,0,49654.1915278732,2813597.65747736
4347.3174757782,1943395.17687868,1072773.45843184,0,532279.882946014,1222067.3645475
7843.40452592521,674291.305673819,118677.086274913,0,4.87039049382313e-08,87174.071285159
4770.94185559729,12340740.1393242,8064807.00764855,0,340940.067452552,8004914.94312505
10574.3937923708,4912919.86145329,1302924.7710825,0,979063.191611649,5436897.89957308
0.0,3879033.89518723,1710296.46458879,0,85258.5569131565,4421017.65778073
372.983624873737,2930788.3039082,1319887.08452799,0,35668.2375910314,3851254.22253453
88058.609874914,12441095.3321192,2859582.09145963,0,4775925.40722803,6104312.17137071
404.820397896867,2903851.05100472,3547.20084853706,0,383656.348945277,1725062.79500242
0.0,716737.279367226,36010.9673169403,0,5599.93764369033,1187356.7878021
4882.90127903163,7466680.00502659,4484066.15121177,1,38269.3904294152,7936268.78926357
54894.243808705,3700808.24107306,659726.896789352,0,1406718.53377192,3440141.64410542
0.0,1645838.46758343,75587.8467581789,0,9445.27791610853,470347.579550268
4458.88326337849,2244579.16818419,1387914.79812861,0,383877.884100483,1773846.77253956
2867.17476268602,1467574.96240205,283827.953786327,0,31801.3042183789,2499048.61199872
0.0696726820601357,4770222.76383833,2596182.36352685,0,56487.6260269545,3604963.05279249
6740.84741303865,3785029.67662826,387998.123655552,0,628139.000824013,8446307.46076155
1337.22469875228,10418936.252979,3376878.58960114,0,401733.631242237,12276225.3959476
0.0,417125.006314853,4814.98787861668,0,3.75632791667341e-09,252194.813153367
0.0,1774534.94739064,20399.370710824,0,748745.138068215,787541.574469531
3526.40258984431,12670319.9539715,11139832.2127566,0,429452.954801573,12410175.8702548
7908.84844690364,2319010.0767258,179535.997593239,0,225871.890081394,1962972.63390798
0.0,1850333.7032025,364111.882177068,0,11164.5868371735,1230311.71896919
133.750630204719,1351285.17332981,597032.00169663,0,386106.392698523,2238536.85099507
23215.3092907737,1555050.91365408,141943.787554161,0,396108.297750545,1822083.25424686
0.0,1643325.82406809,507823.437922088,0,500.242195400093,1850333.7032025
5.94688772462506e-10,378138.280997038,331299.990064692,0,20219.1620337071,759383.050311972
889149.068436662,2181685.0606461,1017276.97189771,1,208488.974788941,48627304.9222535
2921.05191842869,8759375.67034278,1233550.99148997,1,367103.98740079,12207052.9844853
5168.95767015129,2286731.6205384,1565298.94684351,0,660051.917890254,4642573.23972568
0.0,1711906.97247851,802385.790496881,0,202944.742861747,812891.66828358
1956.51824047025,3851254.22253453,876221.302842437,0,1238125.80100635,4988743.49985075
17068.5759627323,2365116.31779293,504530.827538531,0,430638.544022847,4701483.59042714
18821.2318274557,5436897.89957308,1657238.27752978,0,801427.187885937,5520113.23060935
4078.60559904086,6455406.80334971,2699792.58287044,0,783505.218792184,6895356.03057185
5726.83584812014,5037024.12725553,2391536.69757651,0,864071.633804588,5975665.3718311
1262.44017470201,2884254.35077457,329872.156775916,0,1997877.25616841,1373739.2773402
1.01130726325766e-06,1379859.09702366,303697.423865207,0,24611.4538020387,1572250.10905134
73045.6067646731,12738312.4809906,393971.17983723,0,5179386.21914642,15374929.535914
0.0,2575667.3057219,486257.720178261,0,3339.2688382183,8199368.38266315
6123.72178527031,410486.629377626,149287.159809694,1,104011.231414388,5061353.08782306
658.879787752321,1150410.20622635,591145.497944456,0,109138.191690113,1547964.89033262
0.0,8756831.23788455,788791.185962141,0,1950161.36885234,4660805.78651175
0.0,170035.147841875,17240.5616842293,0,5305.52015900562,845205.120517744
15273.2891589374,2811875.13885419,1613301.04360805,1,174743.796528511,21496871.5657005
469.584662191999,1996100.30112886,56673.2733820222,0,563055.124601477,1774534.94739064
45078.0150934052,8331666.15578183,593439.336698787,0,4056129.29245678,5506500.13137332
205.928029310741,66751.5754288623,3708.87462633552,0,52667.526642019,525564.694158212
0.0,299792.021404745,14270.1654453668,0,10184.308465902,643146.426634462
17348.8027243797,3876353.26508531,1059832.78749073,0,761179.388082813,4237309.74564934
274215.928480775,5081311.04511429,537683.00048149,0,2763497.81493963,8507572.7456945
2333.63431699159,8809666.87348298,4545899.60078363,0,235871.353075303,4949205.89166951
0.0,1468384.33686538,126410.371162024,0,330689.348398898,684258.617264956
0.0,818733.372017471,1926.56180904292,0,807.341147153337,199683.679011514
0.0,3099741.63442238,1380822.30185249,0,80678.9621830852,3195122.86622571
38890.8738274181,12416197.4083175,239876.584152459,0,3223466.05149961,7932122.50978972
2901.24211329827,7531752.08984953,1171770.12534896,0,527078.427746881,4378218.57430786
2.27270790944936e-07,1431831.66939481,4.7053893377783e-06,0,61562.1412000931,1048799.62561347
2155.09602778341,7250329.09286718,3713931.1999689,1,397152.816428096,7466680.00502659
0.0,2010208.72414432,97921.8693864645,0,4819.44601494909,1510848.69621363
0.0,357436.719192195,58279.2225364672,0,62987.4091691747,307997.323769661
6942.2666510665,1154655.58742113,579294.203151416,0,144373.052306473,4248857.78755499
0.0,609140.887721097,50848.0992580861,0,6742.42780413489,471444.664514473
0.0,127964.893817529,48449.7681851427,0,10883.8954089287,113965.847478828
0.0,2132286.57842254,300687.473853954,1,991238.608219217,410486.629377626
0.0,780737.319080473,3.11040645777601e-08,0,2.29899607776359e-08,851134.598568929
353152.036129019,9891849.24785532,1977511.29768959,0,3901937.6373978,12441095.3321192
11.0732961268463,1186912.55495206,1871.38703178611,0,1162.69608485333,941300.532766827
6.38785807830887e-08,1110702.15448368,722581.359778921,0,350599.519763644,1620186.93918502
0.0,1184424.80378831,170952.823657194,0,95134.7841836071,942695.899808423
31776.9365899887,3669831.2953558,828787.4423946,0,1575843.643555,8300331.60069112
47658.7306920056,9402204.39224947,292655.805574131,0,3546271.31298221,8613841.93718493
0.0,3967486.10829848,340634.566103316,0,117753.99951469,5991184.94059195
2975.84575186305,10318113.2551303,9267004.55534506,1,514201.0486565,6860048.61236509
0.0709541095271917,8244122.353439,3087316.40837724,0,1800823.19644013,4938142.33564765
0.0,131748.183570583,16984.7086799186,0,42253.9569386811,63411.413719911
5117.03573712074,7192817.50425687,3480574.00293882,0,1304626.35609293,6672737.54174333
8.07157218338651e-06,759383.050311972,121361.342761154,0,286853.65940287,397860.608256364
14445.3446731611,1910810.19559492,352180.965215156,0,282464.847354202,2365116.31779293
3.1261398344975104e-09,2815554.25637383,666876.142702747,0,127545.81053188,2249301.6714231
0.0,297253.094768302,28373.4417361015,0,26634.6342561283,310078.422112503
4.60979489960032e-10,199683.679011514,130362.457260891,0,9522.01187852342,492184.328001902
447.80302124864,6233372.184454,2291699.73757299,0,148016.764366941,6430474.97027533
222.945943665236,2238536.85099507,959032.291440072,0,171818.556376863,2063662.46152157
0.0,876172.314090937,157348.044964435,0,50115.516454388,1645838.46758343
0.0,1628966.62721073,32993.8193841774,0,2.4253690622510304e-09,1888874.17384669
1.00204660819666e-09,2409659.77058579,88030.5695740613,0,7352.30030476671,2062487.12260245
2.8638726851505202e-09,2227427.39917791,507010.239894829,0,481557.63723259,1930231.20777954
0.0,507189.868172084,52686.8609321367,0,16132.629716044,692621.209994944
